{
  "alpha": 0.1,
  "num_samples": 20,
  "threshold": 0.2680565118789673,
  "scores": [
    0.03539532423019409,
    0.037071049213409424,
    0.04104757308959961,
    0.057799696922302246,
    0.05845463275909424,
    0.06067866086959839,
    0.07316291332244873,
    0.08705884218215942,
    0.08755320310592651,
    0.08820533752441406,
    0.09063374996185303,
    0.10319739580154419,
    0.10515773296356201,
    0.10734349489212036,
    0.11144411563873291,
    0.1128166913986206,
    0.2178429365158081,
    0.23613935708999634,
    0.2680565118789673,
    0.271793007850647
  ]
}