{
  "method": "route_calibrated_trained_5_step_denoising_diffusion_ood",
  "model_path": "reference_data/ood/diffusion_ood_model.pth",
  "max_per_route": 120,
  "routes": {
    "retina_fundus": {
      "near_threshold": 0.18782700702548027,
      "hard_threshold": 0.20720386236906052,
      "mean": 0.12623870475838583,
      "std": 0.0441975319351636,
      "min": 0.03499498069286346,
      "max": 0.23345206081867217,
      "p90": 0.17745700240135193,
      "p95": 0.18782700702548027,
      "p99": 0.20720386236906052,
      "valid_samples": 120,
      "failed_samples": 0
    },
    "skin_dermoscopy": {
      "near_threshold": 0.12719668462872505,
      "hard_threshold": 0.14718533527851105,
      "mean": 0.07112860487774014,
      "std": 0.03264922013230388,
      "min": 0.02346163019537926,
      "max": 0.16717781126499176,
      "p90": 0.11621118217706682,
      "p95": 0.12719668462872505,
      "p99": 0.14718533527851105,
      "valid_samples": 120,
      "failed_samples": 0
    },
    "brain_mri": {
      "near_threshold": 0.0761195819079876,
      "hard_threshold": 0.08978659448027612,
      "mean": 0.0449070968820403,
      "std": 0.015188690232538824,
      "min": 0.021324684098362922,
      "max": 0.09192985445261001,
      "p90": 0.0665061265230179,
      "p95": 0.0761195819079876,
      "p99": 0.08978659448027612,
      "valid_samples": 120,
      "failed_samples": 0
    },
    "bone_xray": {
      "near_threshold": 0.04024745974689722,
      "hard_threshold": 0.06907459659129388,
      "mean": 0.024205618218208356,
      "std": 0.009140873328217326,
      "min": 0.014386470057070255,
      "max": 0.08007900416851044,
      "p90": 0.030480048954486846,
      "p95": 0.04024745974689722,
      "p99": 0.06907459659129388,
      "valid_samples": 120,
      "failed_samples": 0
    },
    "chest_xray": {
      "near_threshold": 0.075,
      "hard_threshold": 0.12,
      "mean": 0.03767996912201245,
      "std": 0.004167482793801765,
      "min": 0.03048705793917179,
      "max": 0.05580159202218056,
      "p90": 0.04239418156445027,
      "p95": 0.04479816693812609,
      "p99": 0.04590524097532034,
      "valid_samples": 120,
      "failed_samples": 0,
      "old_near_threshold": 0.04479816693812609,
      "old_hard_threshold": 0.04590524097532034,
      "calibration_note": "Relaxed chest thresholds because original route calibration was too narrow and falsely marked valid chest X-rays as HARD_OOD."
    },
    "abdomen_ct": {
      "near_threshold": 0.05686992332339286,
      "hard_threshold": 0.06560268422961237,
      "mean": 0.043864205088466404,
      "std": 0.008611644788186821,
      "min": 0.02232971489429474,
      "max": 0.06757601499557495,
      "p90": 0.05436825282871724,
      "p95": 0.05686992332339286,
      "p99": 0.06560268422961237,
      "valid_samples": 120,
      "failed_samples": 0
    },
    "breast_mammography": {
      "near_threshold": 0.09,
      "hard_threshold": 0.14,
      "mean": 0.0207933971642827,
      "std": 0.011483669250534454,
      "min": 0.003942961571738124,
      "max": 0.04477000012993813,
      "p90": 0.03290875241160393,
      "p95": 0.034271180331707,
      "p99": 0.03966345097124577,
      "valid_samples": 120,
      "failed_samples": 0,
      "old_near_threshold": 0.034271180331707,
      "old_hard_threshold": 0.03966345097124577,
      "calibration_note": "Further relaxed for breast mammography because valid mammography images were being falsely rejected as HARD_OOD."
    }
  }
}